{
    "src/addons/VersoBit/ResourceThreads/.idea/dataSources.local.xml": "825b53b05b90d21a86aad7743be0b88a5f6bc315adad3ab728a115679adaaaa6",
    "src/addons/VersoBit/ResourceThreads/.idea/dataSources.xml": "15c85cdbec7e08b2a8e136cd6fdf5e33c2398764425cba04357e6700c2b3b9d9",
    "src/addons/VersoBit/ResourceThreads/.idea/dataSources/ea229fb0-fbf9-4bab-9e82-6c6d197f24a0.xml": "61b22acf1b7ee357f42da003ba1806990ec17899f8e4cf7ce94549c8670ae771",
    "src/addons/VersoBit/ResourceThreads/.idea/dataSources/ea229fb0-fbf9-4bab-9e82-6c6d197f24a0/storage_v2/_src_/schema/information_schema.FNRwLQ.meta": "e6cf15e6f4964b995820c55cdaa5f7bc04c3fc473fee48752c27deeafac35f34",
    "src/addons/VersoBit/ResourceThreads/.idea/misc.xml": "8e20542282cda0edcf55934715b7ae3ea2bb8b682180a12999b82f0475ea8b36",
    "src/addons/VersoBit/ResourceThreads/.idea/modules.xml": "0ab30b87ee008c7eaaf05879e90de1da85db57f639bf09054e636a81f8eb0cca",
    "src/addons/VersoBit/ResourceThreads/.idea/ResourceThreads.iml": "e9c004d5beedb8d8501aa5456096bd5d18180f3081cd2f56e8196c44659838a2",
    "src/addons/VersoBit/ResourceThreads/.idea/vcs.xml": "55768f1f84fb117f1d0fc383e180b5d0aa5e5e6584c8c4a2995c15b4237f0972",
    "src/addons/VersoBit/ResourceThreads/.idea/workspace.xml": "00fa15d7d2f5218b9e1f33de6e5e4e7570df6dc4081d060c132a3bf87688f33b",
    "src/addons/VersoBit/ResourceThreads/addon.json": "0788a1cadf80e437a091fa2fb7119e18840d46a59c25147ac57fa9e3d05906ad",
    "src/addons/VersoBit/ResourceThreads/XFRM/Service/ResourceItem/Approve.php": "686d1731b4e9da64767092faff62571213dc033d8625f5b1f3e82d2d81d880a1",
    "src/addons/VersoBit/ResourceThreads/XFRM/Service/ResourceItem/Delete.php": "dc0820cff7adf49b3e0a90122d1dd47e51d12db6098fcf021c3e7515872cde3c",
    "src/addons/VersoBit/ResourceThreads/XFRM/Service/ResourceUpdate/Approve.php": "083640320a8ebe4fb875d3813f690ee0a13ac87aa5b7dd79759c206a8b682fff",
    "src/addons/VersoBit/ResourceThreads/XFRM/Service/ResourceUpdate/Delete.php": "13edd5e0266f824c797a660eede8960443b57997955c045f87dcc9248d3e3414",
    "src/addons/VersoBit/ResourceThreads/_data/admin_navigation.xml": "064ec797484ac00d5ee37367b50b06846d11f480d00550997712707f8fdac8c0",
    "src/addons/VersoBit/ResourceThreads/_data/admin_permission.xml": "ec6fb97cebf0bceb24f1ed1d5778c1db54eeb7535fbb3e31d824840e7aa9ff87",
    "src/addons/VersoBit/ResourceThreads/_data/advertising_positions.xml": "d2f7cbe844bb1df3cf878d22ff6306249245c8ff6b0b87b9b729744bec538261",
    "src/addons/VersoBit/ResourceThreads/_data/api_scopes.xml": "6793eaf758f140e8137187ba20e65f4faccf53410433ae3ad7a8b3b38cb6b3b7",
    "src/addons/VersoBit/ResourceThreads/_data/bb_codes.xml": "faa4ddd5f4a365e5ac39aebdcbe2d25aedf74e7eb9ea4a812766e2fd5e13bdb1",
    "src/addons/VersoBit/ResourceThreads/_data/bb_code_media_sites.xml": "29762987990187b33e43cfb68c08dc917b2d3f0176613d78f8e6c453f82da3f3",
    "src/addons/VersoBit/ResourceThreads/_data/class_extensions.xml": "4b651105863e5140cea5e8005401a5f18aa8f486fc574d68a06356240ffedaed",
    "src/addons/VersoBit/ResourceThreads/_data/code_events.xml": "8370dec3df47f91df4cf79da253446ad11b29f4ea568fe76c774e97a0379f0eb",
    "src/addons/VersoBit/ResourceThreads/_data/code_event_listeners.xml": "d6b5072f4909dee7a20ee9e44b163f95c8aa52e6ac7f573e292000cd9238c331",
    "src/addons/VersoBit/ResourceThreads/_data/content_type_fields.xml": "c7ad5472b28f465b7ac7617627707eba1b7a39d28089460d52e1ed292fc0b06a",
    "src/addons/VersoBit/ResourceThreads/_data/cron.xml": "323c4284742ef24329cd6db6f288eb9736d2353f36852e1db12591e1583aea26",
    "src/addons/VersoBit/ResourceThreads/_data/help_pages.xml": "a8a0c0b06cdc550438bc8a8d385af3e1e5ab3459877dfb934c1c31be59c89163",
    "src/addons/VersoBit/ResourceThreads/_data/member_stats.xml": "89fb2b93ff1eca7a1f6f752248edf6090dfd24037db1446fd18ff7143f08124d",
    "src/addons/VersoBit/ResourceThreads/_data/navigation.xml": "f75e1c03a45a360bbdfcd0567121665082315068475d5b0feb8b1acbb1688651",
    "src/addons/VersoBit/ResourceThreads/_data/options.xml": "1cea29aa5671733d85c8fc6f7c66128eacbca5643cbb38585eb82002879b51a4",
    "src/addons/VersoBit/ResourceThreads/_data/option_groups.xml": "154d7a89664b243d0bd8227c22e241f934bf7e196c83230ee23d3c0c4fba1333",
    "src/addons/VersoBit/ResourceThreads/_data/permissions.xml": "7e4fc7d5826733d15ea2d8936b9bdd41afcaad810eb38e50da3c8d8eafda1550",
    "src/addons/VersoBit/ResourceThreads/_data/permission_interface_groups.xml": "3177224e96458b829aa7fb24866dda9e0455a4922aee3d669b53f59a1ffdf5d1",
    "src/addons/VersoBit/ResourceThreads/_data/phrases.xml": "ff61483fbaee661f147395ebaad79fbfb5d8bf820c1b1285efbcf8844191cc32",
    "src/addons/VersoBit/ResourceThreads/_data/routes.xml": "550fa64f9feedf137dd877b38c2684f94474619d2d83890dbb717a91b50da8f5",
    "src/addons/VersoBit/ResourceThreads/_data/style_properties.xml": "8b8690a8512f01f219dd2da76e3d0c5f62afc1f317b87794a7331c859c36a7a8",
    "src/addons/VersoBit/ResourceThreads/_data/style_property_groups.xml": "68e1879cb3846c42d978487aa8d5145ff3335fc39e58016878824d5cf3fd684c",
    "src/addons/VersoBit/ResourceThreads/_data/templates.xml": "95d4b078b90e74e773cef6695ef94c742e74b8d62e6798738f11f0215a58faee",
    "src/addons/VersoBit/ResourceThreads/_data/template_modifications.xml": "3b54b7df00a6a4a18c5e012b6e2588e35c23aaa13a5fc227f08646a97590d778",
    "src/addons/VersoBit/ResourceThreads/_data/widget_definitions.xml": "37e46965256430f24004c2e7f08ba08f9b0d1cbcc4d70e84b3f4e3ffb713e64b",
    "src/addons/VersoBit/ResourceThreads/_data/widget_positions.xml": "a29cee66134f6bc5d75ed9df1eef21096c24401915c5b5c774389c3d7bb2d5b3"
}